T0,maxIter,osc,finalObjective,improvement,runtimeSeconds
0.5,1000,1,336.0999203430368,0.0725552701381389,12.781
